comment_id,post_id,user_id,text,timestamp,sentiment,sentiment_score,likes,dislikes,avg_read_time_seconds,category,likes_norm,dislikes_norm,avg_read_time_seconds_norm,category_weight,relevance_score
1,5,342,Great article!,2025-08-01 00:00:00,1,1,220,30,300,tutorial,0.44,0.375,0.75,1.5,1.07925
2,3,339,Very informative,2025-08-01 01:00:00,1,1,500,10,400,tutorial,1.0,0.125,1.0,1.5,1.4812500000000002
3,4,335,Awesome work!,2025-08-01 02:00:00,1,1,50,80,150,opinion,0.1,1.0,0.375,1.0,0.44250000000000006
4,5,366,Loved it!,2025-08-01 03:00:00,1,1,220,30,300,tutorial,0.44,0.375,0.75,1.5,1.07925
5,1,311,Excellent blog,2025-08-01 04:00:00,1,1,300,20,240,case-study,0.6,0.25,0.6,1.2,0.8820000000000001
6,4,383,Great article!,2025-08-01 05:00:00,1,1,50,80,150,opinion,0.1,1.0,0.375,1.0,0.44250000000000006
7,2,356,Very informative,2025-08-01 06:00:00,1,1,120,50,180,opinion,0.24,0.625,0.45,1.0,0.5445
8,2,267,Awesome work!,2025-08-01 07:00:00,1,1,120,50,180,opinion,0.24,0.625,0.45,1.0,0.5445
9,4,336,Loved it!,2025-08-01 08:00:00,1,1,50,80,150,opinion,0.1,1.0,0.375,1.0,0.44250000000000006
10,4,232,Excellent blog,2025-08-01 09:00:00,1,1,50,80,150,opinion,0.1,1.0,0.375,1.0,0.44250000000000006
11,5,198,Great article!,2025-08-01 10:00:00,1,1,220,30,300,tutorial,0.44,0.375,0.75,1.5,1.07925
12,4,209,Very informative,2025-08-01 11:00:00,1,1,50,80,150,opinion,0.1,1.0,0.375,1.0,0.44250000000000006
13,2,360,Awesome work!,2025-08-01 12:00:00,1,1,120,50,180,opinion,0.24,0.625,0.45,1.0,0.5445
14,3,255,Loved it!,2025-08-01 13:00:00,1,1,500,10,400,tutorial,1.0,0.125,1.0,1.5,1.4812500000000002
15,1,353,Excellent blog,2025-08-01 14:00:00,1,1,300,20,240,case-study,0.6,0.25,0.6,1.2,0.8820000000000001
16,2,188,Great article!,2025-08-01 15:00:00,1,1,120,50,180,opinion,0.24,0.625,0.45,1.0,0.5445
17,2,335,Very informative,2025-08-01 16:00:00,1,1,120,50,180,opinion,0.24,0.625,0.45,1.0,0.5445
18,5,168,Awesome work!,2025-08-01 17:00:00,1,1,220,30,300,tutorial,0.44,0.375,0.75,1.5,1.07925
19,5,307,Loved it!,2025-08-01 18:00:00,1,1,220,30,300,tutorial,0.44,0.375,0.75,1.5,1.07925
20,5,389,Excellent blog,2025-08-01 19:00:00,1,1,220,30,300,tutorial,0.44,0.375,0.75,1.5,1.07925
21,5,245,Great article!,2025-08-01 20:00:00,1,1,220,30,300,tutorial,0.44,0.375,0.75,1.5,1.07925
22,5,330,Very informative,2025-08-01 21:00:00,1,1,220,30,300,tutorial,0.44,0.375,0.75,1.5,1.07925
23,5,169,Awesome work!,2025-08-01 22:00:00,1,1,220,30,300,tutorial,0.44,0.375,0.75,1.5,1.07925
24,4,134,Loved it!,2025-08-01 23:00:00,1,1,50,80,150,opinion,0.1,1.0,0.375,1.0,0.44250000000000006
25,5,152,Excellent blog,2025-08-02 00:00:00,1,1,220,30,300,tutorial,0.44,0.375,0.75,1.5,1.07925
26,3,119,Great article!,2025-08-02 01:00:00,1,1,500,10,400,tutorial,1.0,0.125,1.0,1.5,1.4812500000000002
27,4,238,Very informative,2025-08-02 02:00:00,1,1,50,80,150,opinion,0.1,1.0,0.375,1.0,0.44250000000000006
28,1,231,Awesome work!,2025-08-02 03:00:00,1,1,300,20,240,case-study,0.6,0.25,0.6,1.2,0.8820000000000001
29,3,302,Loved it!,2025-08-02 04:00:00,1,1,500,10,400,tutorial,1.0,0.125,1.0,1.5,1.4812500000000002
30,3,383,Excellent blog,2025-08-02 05:00:00,1,1,500,10,400,tutorial,1.0,0.125,1.0,1.5,1.4812500000000002
31,1,265,Great article!,2025-08-02 06:00:00,1,1,300,20,240,case-study,0.6,0.25,0.6,1.2,0.8820000000000001
32,4,111,Very informative,2025-08-02 07:00:00,1,1,50,80,150,opinion,0.1,1.0,0.375,1.0,0.44250000000000006
33,1,334,Awesome work!,2025-08-02 08:00:00,1,1,300,20,240,case-study,0.6,0.25,0.6,1.2,0.8820000000000001
34,4,391,Loved it!,2025-08-02 09:00:00,1,1,50,80,150,opinion,0.1,1.0,0.375,1.0,0.44250000000000006
35,4,161,Excellent blog,2025-08-02 10:00:00,1,1,50,80,150,opinion,0.1,1.0,0.375,1.0,0.44250000000000006
36,4,135,Great article!,2025-08-02 11:00:00,1,1,50,80,150,opinion,0.1,1.0,0.375,1.0,0.44250000000000006
37,1,291,Very informative,2025-08-02 12:00:00,1,1,300,20,240,case-study,0.6,0.25,0.6,1.2,0.8820000000000001
38,5,172,Awesome work!,2025-08-02 13:00:00,1,1,220,30,300,tutorial,0.44,0.375,0.75,1.5,1.07925
39,2,230,Loved it!,2025-08-02 14:00:00,1,1,120,50,180,opinion,0.24,0.625,0.45,1.0,0.5445
40,2,325,Excellent blog,2025-08-02 15:00:00,1,1,120,50,180,opinion,0.24,0.625,0.45,1.0,0.5445
41,1,198,Great article!,2025-08-02 16:00:00,1,1,300,20,240,case-study,0.6,0.25,0.6,1.2,0.8820000000000001
42,3,198,Very informative,2025-08-02 17:00:00,1,1,500,10,400,tutorial,1.0,0.125,1.0,1.5,1.4812500000000002
43,1,219,Awesome work!,2025-08-02 18:00:00,1,1,300,20,240,case-study,0.6,0.25,0.6,1.2,0.8820000000000001
44,3,221,Loved it!,2025-08-02 19:00:00,1,1,500,10,400,tutorial,1.0,0.125,1.0,1.5,1.4812500000000002
45,2,184,Excellent blog,2025-08-02 20:00:00,1,1,120,50,180,opinion,0.24,0.625,0.45,1.0,0.5445
46,3,255,Great article!,2025-08-02 21:00:00,1,1,500,10,400,tutorial,1.0,0.125,1.0,1.5,1.4812500000000002
47,3,163,Very informative,2025-08-02 22:00:00,1,1,500,10,400,tutorial,1.0,0.125,1.0,1.5,1.4812500000000002
48,4,282,Awesome work!,2025-08-02 23:00:00,1,1,50,80,150,opinion,0.1,1.0,0.375,1.0,0.44250000000000006
49,4,188,Loved it!,2025-08-03 00:00:00,1,1,50,80,150,opinion,0.1,1.0,0.375,1.0,0.44250000000000006
50,4,238,Excellent blog,2025-08-03 01:00:00,1,1,50,80,150,opinion,0.1,1.0,0.375,1.0,0.44250000000000006
51,5,197,Great article!,2025-08-03 02:00:00,1,1,220,30,300,tutorial,0.44,0.375,0.75,1.5,1.07925
52,3,143,Very informative,2025-08-03 03:00:00,1,1,500,10,400,tutorial,1.0,0.125,1.0,1.5,1.4812500000000002
53,2,109,Awesome work!,2025-08-03 04:00:00,1,1,120,50,180,opinion,0.24,0.625,0.45,1.0,0.5445
54,2,171,Loved it!,2025-08-03 05:00:00,1,1,120,50,180,opinion,0.24,0.625,0.45,1.0,0.5445
55,4,283,Excellent blog,2025-08-03 06:00:00,1,1,50,80,150,opinion,0.1,1.0,0.375,1.0,0.44250000000000006
56,4,307,Great article!,2025-08-03 07:00:00,1,1,50,80,150,opinion,0.1,1.0,0.375,1.0,0.44250000000000006
57,2,169,Very informative,2025-08-03 08:00:00,1,1,120,50,180,opinion,0.24,0.625,0.45,1.0,0.5445
58,5,158,Awesome work!,2025-08-03 09:00:00,1,1,220,30,300,tutorial,0.44,0.375,0.75,1.5,1.07925
59,5,355,Loved it!,2025-08-03 10:00:00,1,1,220,30,300,tutorial,0.44,0.375,0.75,1.5,1.07925
60,2,361,Excellent blog,2025-08-03 11:00:00,1,1,120,50,180,opinion,0.24,0.625,0.45,1.0,0.5445
61,4,359,Great article!,2025-08-03 12:00:00,1,1,50,80,150,opinion,0.1,1.0,0.375,1.0,0.44250000000000006
62,3,334,Very informative,2025-08-03 13:00:00,1,1,500,10,400,tutorial,1.0,0.125,1.0,1.5,1.4812500000000002
63,4,122,Awesome work!,2025-08-03 14:00:00,1,1,50,80,150,opinion,0.1,1.0,0.375,1.0,0.44250000000000006
64,1,170,Loved it!,2025-08-03 15:00:00,1,1,300,20,240,case-study,0.6,0.25,0.6,1.2,0.8820000000000001
65,3,266,Excellent blog,2025-08-03 16:00:00,1,1,500,10,400,tutorial,1.0,0.125,1.0,1.5,1.4812500000000002
66,5,251,Great article!,2025-08-03 17:00:00,1,1,220,30,300,tutorial,0.44,0.375,0.75,1.5,1.07925
67,1,108,Very informative,2025-08-03 18:00:00,1,1,300,20,240,case-study,0.6,0.25,0.6,1.2,0.8820000000000001
68,3,384,Awesome work!,2025-08-03 19:00:00,1,1,500,10,400,tutorial,1.0,0.125,1.0,1.5,1.4812500000000002
69,5,127,Loved it!,2025-08-03 20:00:00,1,1,220,30,300,tutorial,0.44,0.375,0.75,1.5,1.07925
70,3,183,Excellent blog,2025-08-03 21:00:00,1,1,500,10,400,tutorial,1.0,0.125,1.0,1.5,1.4812500000000002
71,5,313,Great article!,2025-08-03 22:00:00,1,1,220,30,300,tutorial,0.44,0.375,0.75,1.5,1.07925
72,3,377,Very informative,2025-08-03 23:00:00,1,1,500,10,400,tutorial,1.0,0.125,1.0,1.5,1.4812500000000002
73,2,270,Awesome work!,2025-08-04 00:00:00,1,1,120,50,180,opinion,0.24,0.625,0.45,1.0,0.5445
74,5,379,Loved it!,2025-08-04 01:00:00,1,1,220,30,300,tutorial,0.44,0.375,0.75,1.5,1.07925
75,2,275,Excellent blog,2025-08-04 02:00:00,1,1,120,50,180,opinion,0.24,0.625,0.45,1.0,0.5445
76,5,314,Great article!,2025-08-04 03:00:00,1,1,220,30,300,tutorial,0.44,0.375,0.75,1.5,1.07925
77,4,190,Very informative,2025-08-04 04:00:00,1,1,50,80,150,opinion,0.1,1.0,0.375,1.0,0.44250000000000006
78,1,127,Awesome work!,2025-08-04 05:00:00,1,1,300,20,240,case-study,0.6,0.25,0.6,1.2,0.8820000000000001
79,5,368,Loved it!,2025-08-04 06:00:00,1,1,220,30,300,tutorial,0.44,0.375,0.75,1.5,1.07925
80,3,188,Excellent blog,2025-08-04 07:00:00,1,1,500,10,400,tutorial,1.0,0.125,1.0,1.5,1.4812500000000002
81,4,327,Great article!,2025-08-04 08:00:00,1,1,50,80,150,opinion,0.1,1.0,0.375,1.0,0.44250000000000006
82,4,317,Very informative,2025-08-04 09:00:00,1,1,50,80,150,opinion,0.1,1.0,0.375,1.0,0.44250000000000006
83,1,155,Awesome work!,2025-08-04 10:00:00,1,1,300,20,240,case-study,0.6,0.25,0.6,1.2,0.8820000000000001
84,2,174,Loved it!,2025-08-04 11:00:00,1,1,120,50,180,opinion,0.24,0.625,0.45,1.0,0.5445
85,4,197,Excellent blog,2025-08-04 12:00:00,1,1,50,80,150,opinion,0.1,1.0,0.375,1.0,0.44250000000000006
86,1,150,Great article!,2025-08-04 13:00:00,1,1,300,20,240,case-study,0.6,0.25,0.6,1.2,0.8820000000000001
87,3,285,Very informative,2025-08-04 14:00:00,1,1,500,10,400,tutorial,1.0,0.125,1.0,1.5,1.4812500000000002
88,4,361,Awesome work!,2025-08-04 15:00:00,1,1,50,80,150,opinion,0.1,1.0,0.375,1.0,0.44250000000000006
89,1,343,Loved it!,2025-08-04 16:00:00,1,1,300,20,240,case-study,0.6,0.25,0.6,1.2,0.8820000000000001
90,5,203,Excellent blog,2025-08-04 17:00:00,1,1,220,30,300,tutorial,0.44,0.375,0.75,1.5,1.07925
91,5,357,Great article!,2025-08-04 18:00:00,1,1,220,30,300,tutorial,0.44,0.375,0.75,1.5,1.07925
92,2,154,Very informative,2025-08-04 19:00:00,1,1,120,50,180,opinion,0.24,0.625,0.45,1.0,0.5445
93,2,114,Awesome work!,2025-08-04 20:00:00,1,1,120,50,180,opinion,0.24,0.625,0.45,1.0,0.5445
94,4,327,Loved it!,2025-08-04 21:00:00,1,1,50,80,150,opinion,0.1,1.0,0.375,1.0,0.44250000000000006
95,1,126,Excellent blog,2025-08-04 22:00:00,1,1,300,20,240,case-study,0.6,0.25,0.6,1.2,0.8820000000000001
96,3,105,Great article!,2025-08-04 23:00:00,1,1,500,10,400,tutorial,1.0,0.125,1.0,1.5,1.4812500000000002
97,4,398,Very informative,2025-08-05 00:00:00,1,1,50,80,150,opinion,0.1,1.0,0.375,1.0,0.44250000000000006
98,3,107,Awesome work!,2025-08-05 01:00:00,1,1,500,10,400,tutorial,1.0,0.125,1.0,1.5,1.4812500000000002
99,3,399,Loved it!,2025-08-05 02:00:00,1,1,500,10,400,tutorial,1.0,0.125,1.0,1.5,1.4812500000000002
100,5,164,Excellent blog,2025-08-05 03:00:00,1,1,220,30,300,tutorial,0.44,0.375,0.75,1.5,1.07925
101,5,263,Great article!,2025-08-05 04:00:00,1,1,220,30,300,tutorial,0.44,0.375,0.75,1.5,1.07925
102,2,202,Very informative,2025-08-05 05:00:00,1,1,120,50,180,opinion,0.24,0.625,0.45,1.0,0.5445
103,1,105,Awesome work!,2025-08-05 06:00:00,1,1,300,20,240,case-study,0.6,0.25,0.6,1.2,0.8820000000000001
104,2,104,Loved it!,2025-08-05 07:00:00,1,1,120,50,180,opinion,0.24,0.625,0.45,1.0,0.5445
105,1,190,Excellent blog,2025-08-05 08:00:00,1,1,300,20,240,case-study,0.6,0.25,0.6,1.2,0.8820000000000001
106,4,385,Great article!,2025-08-05 09:00:00,1,1,50,80,150,opinion,0.1,1.0,0.375,1.0,0.44250000000000006
107,1,287,Very informative,2025-08-05 10:00:00,1,1,300,20,240,case-study,0.6,0.25,0.6,1.2,0.8820000000000001
108,2,172,Awesome work!,2025-08-05 11:00:00,1,1,120,50,180,opinion,0.24,0.625,0.45,1.0,0.5445
109,1,145,Loved it!,2025-08-05 12:00:00,1,1,300,20,240,case-study,0.6,0.25,0.6,1.2,0.8820000000000001
110,3,290,Excellent blog,2025-08-05 13:00:00,1,1,500,10,400,tutorial,1.0,0.125,1.0,1.5,1.4812500000000002
111,5,181,Great article!,2025-08-05 14:00:00,1,1,220,30,300,tutorial,0.44,0.375,0.75,1.5,1.07925
112,5,373,Very informative,2025-08-05 15:00:00,1,1,220,30,300,tutorial,0.44,0.375,0.75,1.5,1.07925
113,4,143,Awesome work!,2025-08-05 16:00:00,1,1,50,80,150,opinion,0.1,1.0,0.375,1.0,0.44250000000000006
114,4,218,Loved it!,2025-08-05 17:00:00,1,1,50,80,150,opinion,0.1,1.0,0.375,1.0,0.44250000000000006
115,1,210,Excellent blog,2025-08-05 18:00:00,1,1,300,20,240,case-study,0.6,0.25,0.6,1.2,0.8820000000000001
116,4,108,Great article!,2025-08-05 19:00:00,1,1,50,80,150,opinion,0.1,1.0,0.375,1.0,0.44250000000000006
117,3,206,Very informative,2025-08-05 20:00:00,1,1,500,10,400,tutorial,1.0,0.125,1.0,1.5,1.4812500000000002
118,5,392,Awesome work!,2025-08-05 21:00:00,1,1,220,30,300,tutorial,0.44,0.375,0.75,1.5,1.07925
119,5,169,Loved it!,2025-08-05 22:00:00,1,1,220,30,300,tutorial,0.44,0.375,0.75,1.5,1.07925
120,4,347,Excellent blog,2025-08-05 23:00:00,1,1,50,80,150,opinion,0.1,1.0,0.375,1.0,0.44250000000000006
121,2,304,Great article!,2025-08-06 00:00:00,1,1,120,50,180,opinion,0.24,0.625,0.45,1.0,0.5445
122,1,200,Very informative,2025-08-06 01:00:00,1,1,300,20,240,case-study,0.6,0.25,0.6,1.2,0.8820000000000001
123,5,184,Awesome work!,2025-08-06 02:00:00,1,1,220,30,300,tutorial,0.44,0.375,0.75,1.5,1.07925
124,4,266,Loved it!,2025-08-06 03:00:00,1,1,50,80,150,opinion,0.1,1.0,0.375,1.0,0.44250000000000006
125,1,208,Excellent blog,2025-08-06 04:00:00,1,1,300,20,240,case-study,0.6,0.25,0.6,1.2,0.8820000000000001
126,5,297,Great article!,2025-08-06 05:00:00,1,1,220,30,300,tutorial,0.44,0.375,0.75,1.5,1.07925
127,1,107,Very informative,2025-08-06 06:00:00,1,1,300,20,240,case-study,0.6,0.25,0.6,1.2,0.8820000000000001
128,5,136,Awesome work!,2025-08-06 07:00:00,1,1,220,30,300,tutorial,0.44,0.375,0.75,1.5,1.07925
129,2,179,Loved it!,2025-08-06 08:00:00,1,1,120,50,180,opinion,0.24,0.625,0.45,1.0,0.5445
130,1,348,Excellent blog,2025-08-06 09:00:00,1,1,300,20,240,case-study,0.6,0.25,0.6,1.2,0.8820000000000001
131,5,177,Great article!,2025-08-06 10:00:00,1,1,220,30,300,tutorial,0.44,0.375,0.75,1.5,1.07925
132,1,345,Very informative,2025-08-06 11:00:00,1,1,300,20,240,case-study,0.6,0.25,0.6,1.2,0.8820000000000001
133,3,297,Awesome work!,2025-08-06 12:00:00,1,1,500,10,400,tutorial,1.0,0.125,1.0,1.5,1.4812500000000002
134,5,309,Loved it!,2025-08-06 13:00:00,1,1,220,30,300,tutorial,0.44,0.375,0.75,1.5,1.07925
135,2,208,Excellent blog,2025-08-06 14:00:00,1,1,120,50,180,opinion,0.24,0.625,0.45,1.0,0.5445
136,1,127,Great article!,2025-08-06 15:00:00,1,1,300,20,240,case-study,0.6,0.25,0.6,1.2,0.8820000000000001
137,3,269,Very informative,2025-08-06 16:00:00,1,1,500,10,400,tutorial,1.0,0.125,1.0,1.5,1.4812500000000002
138,2,304,Awesome work!,2025-08-06 17:00:00,1,1,120,50,180,opinion,0.24,0.625,0.45,1.0,0.5445
139,4,260,Loved it!,2025-08-06 18:00:00,1,1,50,80,150,opinion,0.1,1.0,0.375,1.0,0.44250000000000006
140,2,293,Excellent blog,2025-08-06 19:00:00,1,1,120,50,180,opinion,0.24,0.625,0.45,1.0,0.5445
141,3,359,Great article!,2025-08-06 20:00:00,1,1,500,10,400,tutorial,1.0,0.125,1.0,1.5,1.4812500000000002
142,1,105,Very informative,2025-08-06 21:00:00,1,1,300,20,240,case-study,0.6,0.25,0.6,1.2,0.8820000000000001
143,3,399,Awesome work!,2025-08-06 22:00:00,1,1,500,10,400,tutorial,1.0,0.125,1.0,1.5,1.4812500000000002
144,4,379,Loved it!,2025-08-06 23:00:00,1,1,50,80,150,opinion,0.1,1.0,0.375,1.0,0.44250000000000006
145,5,285,Excellent blog,2025-08-07 00:00:00,1,1,220,30,300,tutorial,0.44,0.375,0.75,1.5,1.07925
146,4,330,Great article!,2025-08-07 01:00:00,1,1,50,80,150,opinion,0.1,1.0,0.375,1.0,0.44250000000000006
147,5,105,Very informative,2025-08-07 02:00:00,1,1,220,30,300,tutorial,0.44,0.375,0.75,1.5,1.07925
148,2,126,Awesome work!,2025-08-07 03:00:00,1,1,120,50,180,opinion,0.24,0.625,0.45,1.0,0.5445
149,4,377,Loved it!,2025-08-07 04:00:00,1,1,50,80,150,opinion,0.1,1.0,0.375,1.0,0.44250000000000006
150,5,310,Excellent blog,2025-08-07 05:00:00,1,1,220,30,300,tutorial,0.44,0.375,0.75,1.5,1.07925
151,4,248,I didn't like this,2025-08-07 06:00:00,-1,-1,50,80,150,opinion,0.1,1.0,0.375,1.0,-0.3575
152,4,125,This is bad,2025-08-07 07:00:00,-1,-1,50,80,150,opinion,0.1,1.0,0.375,1.0,-0.3575
153,1,158,Terrible content,2025-08-07 08:00:00,-1,-1,300,20,240,case-study,0.6,0.25,0.6,1.2,-0.07800000000000003
154,5,376,Worst article ever,2025-08-07 09:00:00,-1,-1,220,30,300,tutorial,0.44,0.375,0.75,1.5,-0.12075000000000002
155,2,186,Poor explanation,2025-08-07 10:00:00,-1,-1,120,50,180,opinion,0.24,0.625,0.45,1.0,-0.2555
156,3,158,I didn't like this,2025-08-07 11:00:00,-1,-1,500,10,400,tutorial,1.0,0.125,1.0,1.5,0.2812499999999999
157,1,253,This is bad,2025-08-07 12:00:00,-1,-1,300,20,240,case-study,0.6,0.25,0.6,1.2,-0.07800000000000003
158,4,155,Terrible content,2025-08-07 13:00:00,-1,-1,50,80,150,opinion,0.1,1.0,0.375,1.0,-0.3575
159,1,298,Worst article ever,2025-08-07 14:00:00,-1,-1,300,20,240,case-study,0.6,0.25,0.6,1.2,-0.07800000000000003
160,1,176,Poor explanation,2025-08-07 15:00:00,-1,-1,300,20,240,case-study,0.6,0.25,0.6,1.2,-0.07800000000000003
161,1,219,I didn't like this,2025-08-07 16:00:00,-1,-1,300,20,240,case-study,0.6,0.25,0.6,1.2,-0.07800000000000003
162,5,313,This is bad,2025-08-07 17:00:00,-1,-1,220,30,300,tutorial,0.44,0.375,0.75,1.5,-0.12075000000000002
163,2,232,Terrible content,2025-08-07 18:00:00,-1,-1,120,50,180,opinion,0.24,0.625,0.45,1.0,-0.2555
164,4,316,Worst article ever,2025-08-07 19:00:00,-1,-1,50,80,150,opinion,0.1,1.0,0.375,1.0,-0.3575
165,3,328,Poor explanation,2025-08-07 20:00:00,-1,-1,500,10,400,tutorial,1.0,0.125,1.0,1.5,0.2812499999999999
166,2,389,I didn't like this,2025-08-07 21:00:00,-1,-1,120,50,180,opinion,0.24,0.625,0.45,1.0,-0.2555
167,3,294,This is bad,2025-08-07 22:00:00,-1,-1,500,10,400,tutorial,1.0,0.125,1.0,1.5,0.2812499999999999
168,4,169,Terrible content,2025-08-07 23:00:00,-1,-1,50,80,150,opinion,0.1,1.0,0.375,1.0,-0.3575
169,5,387,Worst article ever,2025-08-08 00:00:00,-1,-1,220,30,300,tutorial,0.44,0.375,0.75,1.5,-0.12075000000000002
170,4,331,Poor explanation,2025-08-08 01:00:00,-1,-1,50,80,150,opinion,0.1,1.0,0.375,1.0,-0.3575
171,4,297,I didn't like this,2025-08-08 02:00:00,-1,-1,50,80,150,opinion,0.1,1.0,0.375,1.0,-0.3575
172,3,392,This is bad,2025-08-08 03:00:00,-1,-1,500,10,400,tutorial,1.0,0.125,1.0,1.5,0.2812499999999999
173,4,184,Terrible content,2025-08-08 04:00:00,-1,-1,50,80,150,opinion,0.1,1.0,0.375,1.0,-0.3575
174,3,152,Worst article ever,2025-08-08 05:00:00,-1,-1,500,10,400,tutorial,1.0,0.125,1.0,1.5,0.2812499999999999
175,3,284,Poor explanation,2025-08-08 06:00:00,-1,-1,500,10,400,tutorial,1.0,0.125,1.0,1.5,0.2812499999999999
176,2,318,I didn't like this,2025-08-08 07:00:00,-1,-1,120,50,180,opinion,0.24,0.625,0.45,1.0,-0.2555
177,5,270,This is bad,2025-08-08 08:00:00,-1,-1,220,30,300,tutorial,0.44,0.375,0.75,1.5,-0.12075000000000002
178,3,221,Terrible content,2025-08-08 09:00:00,-1,-1,500,10,400,tutorial,1.0,0.125,1.0,1.5,0.2812499999999999
179,4,226,Worst article ever,2025-08-08 10:00:00,-1,-1,50,80,150,opinion,0.1,1.0,0.375,1.0,-0.3575
180,4,309,Poor explanation,2025-08-08 11:00:00,-1,-1,50,80,150,opinion,0.1,1.0,0.375,1.0,-0.3575
181,3,317,I didn't like this,2025-08-08 12:00:00,-1,-1,500,10,400,tutorial,1.0,0.125,1.0,1.5,0.2812499999999999
182,4,230,This is bad,2025-08-08 13:00:00,-1,-1,50,80,150,opinion,0.1,1.0,0.375,1.0,-0.3575
183,2,328,Terrible content,2025-08-08 14:00:00,-1,-1,120,50,180,opinion,0.24,0.625,0.45,1.0,-0.2555
184,5,216,Worst article ever,2025-08-08 15:00:00,-1,-1,220,30,300,tutorial,0.44,0.375,0.75,1.5,-0.12075000000000002
185,4,395,Poor explanation,2025-08-08 16:00:00,-1,-1,50,80,150,opinion,0.1,1.0,0.375,1.0,-0.3575
186,3,233,I didn't like this,2025-08-08 17:00:00,-1,-1,500,10,400,tutorial,1.0,0.125,1.0,1.5,0.2812499999999999
187,3,239,This is bad,2025-08-08 18:00:00,-1,-1,500,10,400,tutorial,1.0,0.125,1.0,1.5,0.2812499999999999
188,4,101,Terrible content,2025-08-08 19:00:00,-1,-1,50,80,150,opinion,0.1,1.0,0.375,1.0,-0.3575
189,5,255,Worst article ever,2025-08-08 20:00:00,-1,-1,220,30,300,tutorial,0.44,0.375,0.75,1.5,-0.12075000000000002
190,1,213,Poor explanation,2025-08-08 21:00:00,-1,-1,300,20,240,case-study,0.6,0.25,0.6,1.2,-0.07800000000000003
191,5,305,I didn't like this,2025-08-08 22:00:00,-1,-1,220,30,300,tutorial,0.44,0.375,0.75,1.5,-0.12075000000000002
192,1,115,This is bad,2025-08-08 23:00:00,-1,-1,300,20,240,case-study,0.6,0.25,0.6,1.2,-0.07800000000000003
193,4,275,Terrible content,2025-08-09 00:00:00,-1,-1,50,80,150,opinion,0.1,1.0,0.375,1.0,-0.3575
194,5,185,Worst article ever,2025-08-09 01:00:00,-1,-1,220,30,300,tutorial,0.44,0.375,0.75,1.5,-0.12075000000000002
195,5,161,Poor explanation,2025-08-09 02:00:00,-1,-1,220,30,300,tutorial,0.44,0.375,0.75,1.5,-0.12075000000000002
196,1,207,I didn't like this,2025-08-09 03:00:00,-1,-1,300,20,240,case-study,0.6,0.25,0.6,1.2,-0.07800000000000003
197,3,185,This is bad,2025-08-09 04:00:00,-1,-1,500,10,400,tutorial,1.0,0.125,1.0,1.5,0.2812499999999999
198,4,151,Terrible content,2025-08-09 05:00:00,-1,-1,50,80,150,opinion,0.1,1.0,0.375,1.0,-0.3575
199,3,252,Worst article ever,2025-08-09 06:00:00,-1,-1,500,10,400,tutorial,1.0,0.125,1.0,1.5,0.2812499999999999
200,4,346,Poor explanation,2025-08-09 07:00:00,-1,-1,50,80,150,opinion,0.1,1.0,0.375,1.0,-0.3575
201,3,295,I didn't like this,2025-08-09 08:00:00,-1,-1,500,10,400,tutorial,1.0,0.125,1.0,1.5,0.2812499999999999
202,3,324,This is bad,2025-08-09 09:00:00,-1,-1,500,10,400,tutorial,1.0,0.125,1.0,1.5,0.2812499999999999
203,3,334,Terrible content,2025-08-09 10:00:00,-1,-1,500,10,400,tutorial,1.0,0.125,1.0,1.5,0.2812499999999999
204,3,168,Worst article ever,2025-08-09 11:00:00,-1,-1,500,10,400,tutorial,1.0,0.125,1.0,1.5,0.2812499999999999
205,2,288,Poor explanation,2025-08-09 12:00:00,-1,-1,120,50,180,opinion,0.24,0.625,0.45,1.0,-0.2555
206,5,216,I didn't like this,2025-08-09 13:00:00,-1,-1,220,30,300,tutorial,0.44,0.375,0.75,1.5,-0.12075000000000002
207,2,238,This is bad,2025-08-09 14:00:00,-1,-1,120,50,180,opinion,0.24,0.625,0.45,1.0,-0.2555
208,1,386,Terrible content,2025-08-09 15:00:00,-1,-1,300,20,240,case-study,0.6,0.25,0.6,1.2,-0.07800000000000003
209,5,369,Worst article ever,2025-08-09 16:00:00,-1,-1,220,30,300,tutorial,0.44,0.375,0.75,1.5,-0.12075000000000002
210,5,201,Poor explanation,2025-08-09 17:00:00,-1,-1,220,30,300,tutorial,0.44,0.375,0.75,1.5,-0.12075000000000002
211,1,322,I didn't like this,2025-08-09 18:00:00,-1,-1,300,20,240,case-study,0.6,0.25,0.6,1.2,-0.07800000000000003
212,3,354,This is bad,2025-08-09 19:00:00,-1,-1,500,10,400,tutorial,1.0,0.125,1.0,1.5,0.2812499999999999
213,1,237,Terrible content,2025-08-09 20:00:00,-1,-1,300,20,240,case-study,0.6,0.25,0.6,1.2,-0.07800000000000003
214,4,292,Worst article ever,2025-08-09 21:00:00,-1,-1,50,80,150,opinion,0.1,1.0,0.375,1.0,-0.3575
215,5,155,Poor explanation,2025-08-09 22:00:00,-1,-1,220,30,300,tutorial,0.44,0.375,0.75,1.5,-0.12075000000000002
216,4,292,I didn't like this,2025-08-09 23:00:00,-1,-1,50,80,150,opinion,0.1,1.0,0.375,1.0,-0.3575
217,1,278,This is bad,2025-08-10 00:00:00,-1,-1,300,20,240,case-study,0.6,0.25,0.6,1.2,-0.07800000000000003
218,5,340,Terrible content,2025-08-10 01:00:00,-1,-1,220,30,300,tutorial,0.44,0.375,0.75,1.5,-0.12075000000000002
219,2,355,Worst article ever,2025-08-10 02:00:00,-1,-1,120,50,180,opinion,0.24,0.625,0.45,1.0,-0.2555
220,3,226,Poor explanation,2025-08-10 03:00:00,-1,-1,500,10,400,tutorial,1.0,0.125,1.0,1.5,0.2812499999999999
221,3,169,I didn't like this,2025-08-10 04:00:00,-1,-1,500,10,400,tutorial,1.0,0.125,1.0,1.5,0.2812499999999999
222,1,307,This is bad,2025-08-10 05:00:00,-1,-1,300,20,240,case-study,0.6,0.25,0.6,1.2,-0.07800000000000003
223,5,109,Terrible content,2025-08-10 06:00:00,-1,-1,220,30,300,tutorial,0.44,0.375,0.75,1.5,-0.12075000000000002
224,3,198,Worst article ever,2025-08-10 07:00:00,-1,-1,500,10,400,tutorial,1.0,0.125,1.0,1.5,0.2812499999999999
225,5,248,Poor explanation,2025-08-10 08:00:00,-1,-1,220,30,300,tutorial,0.44,0.375,0.75,1.5,-0.12075000000000002
226,1,365,I didn't like this,2025-08-10 09:00:00,-1,-1,300,20,240,case-study,0.6,0.25,0.6,1.2,-0.07800000000000003
227,3,102,This is bad,2025-08-10 10:00:00,-1,-1,500,10,400,tutorial,1.0,0.125,1.0,1.5,0.2812499999999999
228,5,374,Terrible content,2025-08-10 11:00:00,-1,-1,220,30,300,tutorial,0.44,0.375,0.75,1.5,-0.12075000000000002
229,3,398,Worst article ever,2025-08-10 12:00:00,-1,-1,500,10,400,tutorial,1.0,0.125,1.0,1.5,0.2812499999999999
230,2,286,Poor explanation,2025-08-10 13:00:00,-1,-1,120,50,180,opinion,0.24,0.625,0.45,1.0,-0.2555
231,3,135,I didn't like this,2025-08-10 14:00:00,-1,-1,500,10,400,tutorial,1.0,0.125,1.0,1.5,0.2812499999999999
232,3,164,This is bad,2025-08-10 15:00:00,-1,-1,500,10,400,tutorial,1.0,0.125,1.0,1.5,0.2812499999999999
233,5,351,Terrible content,2025-08-10 16:00:00,-1,-1,220,30,300,tutorial,0.44,0.375,0.75,1.5,-0.12075000000000002
234,4,243,Worst article ever,2025-08-10 17:00:00,-1,-1,50,80,150,opinion,0.1,1.0,0.375,1.0,-0.3575
235,4,353,Poor explanation,2025-08-10 18:00:00,-1,-1,50,80,150,opinion,0.1,1.0,0.375,1.0,-0.3575
236,3,122,I didn't like this,2025-08-10 19:00:00,-1,-1,500,10,400,tutorial,1.0,0.125,1.0,1.5,0.2812499999999999
237,5,365,This is bad,2025-08-10 20:00:00,-1,-1,220,30,300,tutorial,0.44,0.375,0.75,1.5,-0.12075000000000002
238,5,246,Terrible content,2025-08-10 21:00:00,-1,-1,220,30,300,tutorial,0.44,0.375,0.75,1.5,-0.12075000000000002
239,2,364,Worst article ever,2025-08-10 22:00:00,-1,-1,120,50,180,opinion,0.24,0.625,0.45,1.0,-0.2555
240,5,370,Poor explanation,2025-08-10 23:00:00,-1,-1,220,30,300,tutorial,0.44,0.375,0.75,1.5,-0.12075000000000002
241,3,287,I didn't like this,2025-08-11 00:00:00,-1,-1,500,10,400,tutorial,1.0,0.125,1.0,1.5,0.2812499999999999
242,2,180,This is bad,2025-08-11 01:00:00,-1,-1,120,50,180,opinion,0.24,0.625,0.45,1.0,-0.2555
243,1,221,Terrible content,2025-08-11 02:00:00,-1,-1,300,20,240,case-study,0.6,0.25,0.6,1.2,-0.07800000000000003
244,4,206,Worst article ever,2025-08-11 03:00:00,-1,-1,50,80,150,opinion,0.1,1.0,0.375,1.0,-0.3575
245,2,108,Poor explanation,2025-08-11 04:00:00,-1,-1,120,50,180,opinion,0.24,0.625,0.45,1.0,-0.2555
246,1,319,I didn't like this,2025-08-11 05:00:00,-1,-1,300,20,240,case-study,0.6,0.25,0.6,1.2,-0.07800000000000003
247,4,294,This is bad,2025-08-11 06:00:00,-1,-1,50,80,150,opinion,0.1,1.0,0.375,1.0,-0.3575
248,2,164,Terrible content,2025-08-11 07:00:00,-1,-1,120,50,180,opinion,0.24,0.625,0.45,1.0,-0.2555
249,3,377,Worst article ever,2025-08-11 08:00:00,-1,-1,500,10,400,tutorial,1.0,0.125,1.0,1.5,0.2812499999999999
250,5,187,Poor explanation,2025-08-11 09:00:00,-1,-1,220,30,300,tutorial,0.44,0.375,0.75,1.5,-0.12075000000000002
251,5,136,I didn't like this,2025-08-11 10:00:00,-1,-1,220,30,300,tutorial,0.44,0.375,0.75,1.5,-0.12075000000000002
252,5,309,This is bad,2025-08-11 11:00:00,-1,-1,220,30,300,tutorial,0.44,0.375,0.75,1.5,-0.12075000000000002
253,2,333,Terrible content,2025-08-11 12:00:00,-1,-1,120,50,180,opinion,0.24,0.625,0.45,1.0,-0.2555
254,1,205,Worst article ever,2025-08-11 13:00:00,-1,-1,300,20,240,case-study,0.6,0.25,0.6,1.2,-0.07800000000000003
255,3,204,Poor explanation,2025-08-11 14:00:00,-1,-1,500,10,400,tutorial,1.0,0.125,1.0,1.5,0.2812499999999999
256,5,149,I didn't like this,2025-08-11 15:00:00,-1,-1,220,30,300,tutorial,0.44,0.375,0.75,1.5,-0.12075000000000002
257,3,191,This is bad,2025-08-11 16:00:00,-1,-1,500,10,400,tutorial,1.0,0.125,1.0,1.5,0.2812499999999999
258,2,229,Terrible content,2025-08-11 17:00:00,-1,-1,120,50,180,opinion,0.24,0.625,0.45,1.0,-0.2555
259,3,218,Worst article ever,2025-08-11 18:00:00,-1,-1,500,10,400,tutorial,1.0,0.125,1.0,1.5,0.2812499999999999
260,3,170,Poor explanation,2025-08-11 19:00:00,-1,-1,500,10,400,tutorial,1.0,0.125,1.0,1.5,0.2812499999999999
261,4,114,I didn't like this,2025-08-11 20:00:00,-1,-1,50,80,150,opinion,0.1,1.0,0.375,1.0,-0.3575
262,5,125,This is bad,2025-08-11 21:00:00,-1,-1,220,30,300,tutorial,0.44,0.375,0.75,1.5,-0.12075000000000002
263,1,246,Terrible content,2025-08-11 22:00:00,-1,-1,300,20,240,case-study,0.6,0.25,0.6,1.2,-0.07800000000000003
264,5,155,Worst article ever,2025-08-11 23:00:00,-1,-1,220,30,300,tutorial,0.44,0.375,0.75,1.5,-0.12075000000000002
265,2,114,Poor explanation,2025-08-12 00:00:00,-1,-1,120,50,180,opinion,0.24,0.625,0.45,1.0,-0.2555
266,5,275,I didn't like this,2025-08-12 01:00:00,-1,-1,220,30,300,tutorial,0.44,0.375,0.75,1.5,-0.12075000000000002
267,1,116,This is bad,2025-08-12 02:00:00,-1,-1,300,20,240,case-study,0.6,0.25,0.6,1.2,-0.07800000000000003
268,3,123,Terrible content,2025-08-12 03:00:00,-1,-1,500,10,400,tutorial,1.0,0.125,1.0,1.5,0.2812499999999999
269,5,151,Worst article ever,2025-08-12 04:00:00,-1,-1,220,30,300,tutorial,0.44,0.375,0.75,1.5,-0.12075000000000002
270,2,179,Poor explanation,2025-08-12 05:00:00,-1,-1,120,50,180,opinion,0.24,0.625,0.45,1.0,-0.2555
271,1,327,I didn't like this,2025-08-12 06:00:00,-1,-1,300,20,240,case-study,0.6,0.25,0.6,1.2,-0.07800000000000003
272,2,165,This is bad,2025-08-12 07:00:00,-1,-1,120,50,180,opinion,0.24,0.625,0.45,1.0,-0.2555
273,3,373,Terrible content,2025-08-12 08:00:00,-1,-1,500,10,400,tutorial,1.0,0.125,1.0,1.5,0.2812499999999999
274,3,282,Worst article ever,2025-08-12 09:00:00,-1,-1,500,10,400,tutorial,1.0,0.125,1.0,1.5,0.2812499999999999
275,5,295,Poor explanation,2025-08-12 10:00:00,-1,-1,220,30,300,tutorial,0.44,0.375,0.75,1.5,-0.12075000000000002
276,2,152,I didn't like this,2025-08-12 11:00:00,-1,-1,120,50,180,opinion,0.24,0.625,0.45,1.0,-0.2555
277,3,301,This is bad,2025-08-12 12:00:00,-1,-1,500,10,400,tutorial,1.0,0.125,1.0,1.5,0.2812499999999999
278,2,348,Terrible content,2025-08-12 13:00:00,-1,-1,120,50,180,opinion,0.24,0.625,0.45,1.0,-0.2555
279,2,167,Worst article ever,2025-08-12 14:00:00,-1,-1,120,50,180,opinion,0.24,0.625,0.45,1.0,-0.2555
280,3,352,Poor explanation,2025-08-12 15:00:00,-1,-1,500,10,400,tutorial,1.0,0.125,1.0,1.5,0.2812499999999999
281,5,105,I didn't like this,2025-08-12 16:00:00,-1,-1,220,30,300,tutorial,0.44,0.375,0.75,1.5,-0.12075000000000002
282,3,376,This is bad,2025-08-12 17:00:00,-1,-1,500,10,400,tutorial,1.0,0.125,1.0,1.5,0.2812499999999999
283,1,117,Terrible content,2025-08-12 18:00:00,-1,-1,300,20,240,case-study,0.6,0.25,0.6,1.2,-0.07800000000000003
284,5,241,Worst article ever,2025-08-12 19:00:00,-1,-1,220,30,300,tutorial,0.44,0.375,0.75,1.5,-0.12075000000000002
285,5,347,Poor explanation,2025-08-12 20:00:00,-1,-1,220,30,300,tutorial,0.44,0.375,0.75,1.5,-0.12075000000000002
286,2,212,I didn't like this,2025-08-12 21:00:00,-1,-1,120,50,180,opinion,0.24,0.625,0.45,1.0,-0.2555
287,1,211,This is bad,2025-08-12 22:00:00,-1,-1,300,20,240,case-study,0.6,0.25,0.6,1.2,-0.07800000000000003
288,1,260,Terrible content,2025-08-12 23:00:00,-1,-1,300,20,240,case-study,0.6,0.25,0.6,1.2,-0.07800000000000003
289,4,128,Worst article ever,2025-08-13 00:00:00,-1,-1,50,80,150,opinion,0.1,1.0,0.375,1.0,-0.3575
290,1,199,Poor explanation,2025-08-13 01:00:00,-1,-1,300,20,240,case-study,0.6,0.25,0.6,1.2,-0.07800000000000003
291,1,380,I didn't like this,2025-08-13 02:00:00,-1,-1,300,20,240,case-study,0.6,0.25,0.6,1.2,-0.07800000000000003
292,4,389,This is bad,2025-08-13 03:00:00,-1,-1,50,80,150,opinion,0.1,1.0,0.375,1.0,-0.3575
293,2,180,Terrible content,2025-08-13 04:00:00,-1,-1,120,50,180,opinion,0.24,0.625,0.45,1.0,-0.2555
294,2,383,Worst article ever,2025-08-13 05:00:00,-1,-1,120,50,180,opinion,0.24,0.625,0.45,1.0,-0.2555
295,2,199,Poor explanation,2025-08-13 06:00:00,-1,-1,120,50,180,opinion,0.24,0.625,0.45,1.0,-0.2555
296,4,190,I didn't like this,2025-08-13 07:00:00,-1,-1,50,80,150,opinion,0.1,1.0,0.375,1.0,-0.3575
297,2,368,This is bad,2025-08-13 08:00:00,-1,-1,120,50,180,opinion,0.24,0.625,0.45,1.0,-0.2555
298,1,108,Terrible content,2025-08-13 09:00:00,-1,-1,300,20,240,case-study,0.6,0.25,0.6,1.2,-0.07800000000000003
299,2,156,Worst article ever,2025-08-13 10:00:00,-1,-1,120,50,180,opinion,0.24,0.625,0.45,1.0,-0.2555
300,4,338,Poor explanation,2025-08-13 11:00:00,-1,-1,50,80,150,opinion,0.1,1.0,0.375,1.0,-0.3575
301,4,215,It is okay,2025-08-13 12:00:00,0,0,50,80,150,opinion,0.1,1.0,0.375,1.0,0.04249999999999998
302,1,140,Average post,2025-08-13 13:00:00,0,0,300,20,240,case-study,0.6,0.25,0.6,1.2,0.40199999999999997
303,1,266,Neutral thoughts,2025-08-13 14:00:00,0,0,300,20,240,case-study,0.6,0.25,0.6,1.2,0.40199999999999997
304,5,218,Fine but not great,2025-08-13 15:00:00,0,0,220,30,300,tutorial,0.44,0.375,0.75,1.5,0.47925
305,2,173,"Not bad, not good",2025-08-13 16:00:00,0,0,120,50,180,opinion,0.24,0.625,0.45,1.0,0.14450000000000002
306,1,325,It is okay,2025-08-13 17:00:00,0,0,300,20,240,case-study,0.6,0.25,0.6,1.2,0.40199999999999997
307,1,199,Average post,2025-08-13 18:00:00,0,0,300,20,240,case-study,0.6,0.25,0.6,1.2,0.40199999999999997
308,4,180,Neutral thoughts,2025-08-13 19:00:00,0,0,50,80,150,opinion,0.1,1.0,0.375,1.0,0.04249999999999998
309,1,210,Fine but not great,2025-08-13 20:00:00,0,0,300,20,240,case-study,0.6,0.25,0.6,1.2,0.40199999999999997
310,4,299,"Not bad, not good",2025-08-13 21:00:00,0,0,50,80,150,opinion,0.1,1.0,0.375,1.0,0.04249999999999998
311,3,185,It is okay,2025-08-13 22:00:00,0,0,500,10,400,tutorial,1.0,0.125,1.0,1.5,0.8812499999999999
312,5,340,Average post,2025-08-13 23:00:00,0,0,220,30,300,tutorial,0.44,0.375,0.75,1.5,0.47925
313,4,266,Neutral thoughts,2025-08-14 00:00:00,0,0,50,80,150,opinion,0.1,1.0,0.375,1.0,0.04249999999999998
314,4,308,Fine but not great,2025-08-14 01:00:00,0,0,50,80,150,opinion,0.1,1.0,0.375,1.0,0.04249999999999998
315,3,320,"Not bad, not good",2025-08-14 02:00:00,0,0,500,10,400,tutorial,1.0,0.125,1.0,1.5,0.8812499999999999
316,1,258,It is okay,2025-08-14 03:00:00,0,0,300,20,240,case-study,0.6,0.25,0.6,1.2,0.40199999999999997
317,2,393,Average post,2025-08-14 04:00:00,0,0,120,50,180,opinion,0.24,0.625,0.45,1.0,0.14450000000000002
318,5,340,Neutral thoughts,2025-08-14 05:00:00,0,0,220,30,300,tutorial,0.44,0.375,0.75,1.5,0.47925
319,5,160,Fine but not great,2025-08-14 06:00:00,0,0,220,30,300,tutorial,0.44,0.375,0.75,1.5,0.47925
320,3,318,"Not bad, not good",2025-08-14 07:00:00,0,0,500,10,400,tutorial,1.0,0.125,1.0,1.5,0.8812499999999999
321,3,394,It is okay,2025-08-14 08:00:00,0,0,500,10,400,tutorial,1.0,0.125,1.0,1.5,0.8812499999999999
322,1,268,Average post,2025-08-14 09:00:00,0,0,300,20,240,case-study,0.6,0.25,0.6,1.2,0.40199999999999997
323,5,213,Neutral thoughts,2025-08-14 10:00:00,0,0,220,30,300,tutorial,0.44,0.375,0.75,1.5,0.47925
324,5,375,Fine but not great,2025-08-14 11:00:00,0,0,220,30,300,tutorial,0.44,0.375,0.75,1.5,0.47925
325,2,357,"Not bad, not good",2025-08-14 12:00:00,0,0,120,50,180,opinion,0.24,0.625,0.45,1.0,0.14450000000000002
326,4,132,It is okay,2025-08-14 13:00:00,0,0,50,80,150,opinion,0.1,1.0,0.375,1.0,0.04249999999999998
327,2,251,Average post,2025-08-14 14:00:00,0,0,120,50,180,opinion,0.24,0.625,0.45,1.0,0.14450000000000002
328,5,374,Neutral thoughts,2025-08-14 15:00:00,0,0,220,30,300,tutorial,0.44,0.375,0.75,1.5,0.47925
329,3,184,Fine but not great,2025-08-14 16:00:00,0,0,500,10,400,tutorial,1.0,0.125,1.0,1.5,0.8812499999999999
330,3,269,"Not bad, not good",2025-08-14 17:00:00,0,0,500,10,400,tutorial,1.0,0.125,1.0,1.5,0.8812499999999999
331,4,119,It is okay,2025-08-14 18:00:00,0,0,50,80,150,opinion,0.1,1.0,0.375,1.0,0.04249999999999998
332,2,179,Average post,2025-08-14 19:00:00,0,0,120,50,180,opinion,0.24,0.625,0.45,1.0,0.14450000000000002
333,3,274,Neutral thoughts,2025-08-14 20:00:00,0,0,500,10,400,tutorial,1.0,0.125,1.0,1.5,0.8812499999999999
334,2,195,Fine but not great,2025-08-14 21:00:00,0,0,120,50,180,opinion,0.24,0.625,0.45,1.0,0.14450000000000002
335,2,358,"Not bad, not good",2025-08-14 22:00:00,0,0,120,50,180,opinion,0.24,0.625,0.45,1.0,0.14450000000000002
336,4,152,It is okay,2025-08-14 23:00:00,0,0,50,80,150,opinion,0.1,1.0,0.375,1.0,0.04249999999999998
337,2,199,Average post,2025-08-15 00:00:00,0,0,120,50,180,opinion,0.24,0.625,0.45,1.0,0.14450000000000002
338,2,322,Neutral thoughts,2025-08-15 01:00:00,0,0,120,50,180,opinion,0.24,0.625,0.45,1.0,0.14450000000000002
339,2,384,Fine but not great,2025-08-15 02:00:00,0,0,120,50,180,opinion,0.24,0.625,0.45,1.0,0.14450000000000002
340,5,277,"Not bad, not good",2025-08-15 03:00:00,0,0,220,30,300,tutorial,0.44,0.375,0.75,1.5,0.47925
341,4,141,It is okay,2025-08-15 04:00:00,0,0,50,80,150,opinion,0.1,1.0,0.375,1.0,0.04249999999999998
342,1,145,Average post,2025-08-15 05:00:00,0,0,300,20,240,case-study,0.6,0.25,0.6,1.2,0.40199999999999997
343,5,341,Neutral thoughts,2025-08-15 06:00:00,0,0,220,30,300,tutorial,0.44,0.375,0.75,1.5,0.47925
344,1,335,Fine but not great,2025-08-15 07:00:00,0,0,300,20,240,case-study,0.6,0.25,0.6,1.2,0.40199999999999997
345,3,192,"Not bad, not good",2025-08-15 08:00:00,0,0,500,10,400,tutorial,1.0,0.125,1.0,1.5,0.8812499999999999
346,2,104,It is okay,2025-08-15 09:00:00,0,0,120,50,180,opinion,0.24,0.625,0.45,1.0,0.14450000000000002
347,5,231,Average post,2025-08-15 10:00:00,0,0,220,30,300,tutorial,0.44,0.375,0.75,1.5,0.47925
348,4,180,Neutral thoughts,2025-08-15 11:00:00,0,0,50,80,150,opinion,0.1,1.0,0.375,1.0,0.04249999999999998
349,2,285,Fine but not great,2025-08-15 12:00:00,0,0,120,50,180,opinion,0.24,0.625,0.45,1.0,0.14450000000000002
350,1,108,"Not bad, not good",2025-08-15 13:00:00,0,0,300,20,240,case-study,0.6,0.25,0.6,1.2,0.40199999999999997
351,2,306,It is okay,2025-08-15 14:00:00,0,0,120,50,180,opinion,0.24,0.625,0.45,1.0,0.14450000000000002
352,1,295,Average post,2025-08-15 15:00:00,0,0,300,20,240,case-study,0.6,0.25,0.6,1.2,0.40199999999999997
353,5,297,Neutral thoughts,2025-08-15 16:00:00,0,0,220,30,300,tutorial,0.44,0.375,0.75,1.5,0.47925
354,5,202,Fine but not great,2025-08-15 17:00:00,0,0,220,30,300,tutorial,0.44,0.375,0.75,1.5,0.47925
355,5,152,"Not bad, not good",2025-08-15 18:00:00,0,0,220,30,300,tutorial,0.44,0.375,0.75,1.5,0.47925
356,1,275,It is okay,2025-08-15 19:00:00,0,0,300,20,240,case-study,0.6,0.25,0.6,1.2,0.40199999999999997
357,3,175,Average post,2025-08-15 20:00:00,0,0,500,10,400,tutorial,1.0,0.125,1.0,1.5,0.8812499999999999
358,2,192,Neutral thoughts,2025-08-15 21:00:00,0,0,120,50,180,opinion,0.24,0.625,0.45,1.0,0.14450000000000002
359,5,261,Fine but not great,2025-08-15 22:00:00,0,0,220,30,300,tutorial,0.44,0.375,0.75,1.5,0.47925
360,5,140,"Not bad, not good",2025-08-15 23:00:00,0,0,220,30,300,tutorial,0.44,0.375,0.75,1.5,0.47925
361,4,126,It is okay,2025-08-16 00:00:00,0,0,50,80,150,opinion,0.1,1.0,0.375,1.0,0.04249999999999998
362,2,106,Average post,2025-08-16 01:00:00,0,0,120,50,180,opinion,0.24,0.625,0.45,1.0,0.14450000000000002
363,5,374,Neutral thoughts,2025-08-16 02:00:00,0,0,220,30,300,tutorial,0.44,0.375,0.75,1.5,0.47925
364,1,139,Fine but not great,2025-08-16 03:00:00,0,0,300,20,240,case-study,0.6,0.25,0.6,1.2,0.40199999999999997
365,5,298,"Not bad, not good",2025-08-16 04:00:00,0,0,220,30,300,tutorial,0.44,0.375,0.75,1.5,0.47925
366,1,258,It is okay,2025-08-16 05:00:00,0,0,300,20,240,case-study,0.6,0.25,0.6,1.2,0.40199999999999997
367,5,211,Average post,2025-08-16 06:00:00,0,0,220,30,300,tutorial,0.44,0.375,0.75,1.5,0.47925
368,3,318,Neutral thoughts,2025-08-16 07:00:00,0,0,500,10,400,tutorial,1.0,0.125,1.0,1.5,0.8812499999999999
369,2,128,Fine but not great,2025-08-16 08:00:00,0,0,120,50,180,opinion,0.24,0.625,0.45,1.0,0.14450000000000002
370,1,368,"Not bad, not good",2025-08-16 09:00:00,0,0,300,20,240,case-study,0.6,0.25,0.6,1.2,0.40199999999999997
371,4,361,It is okay,2025-08-16 10:00:00,0,0,50,80,150,opinion,0.1,1.0,0.375,1.0,0.04249999999999998
372,4,327,Average post,2025-08-16 11:00:00,0,0,50,80,150,opinion,0.1,1.0,0.375,1.0,0.04249999999999998
373,3,141,Neutral thoughts,2025-08-16 12:00:00,0,0,500,10,400,tutorial,1.0,0.125,1.0,1.5,0.8812499999999999
374,1,208,Fine but not great,2025-08-16 13:00:00,0,0,300,20,240,case-study,0.6,0.25,0.6,1.2,0.40199999999999997
375,5,336,"Not bad, not good",2025-08-16 14:00:00,0,0,220,30,300,tutorial,0.44,0.375,0.75,1.5,0.47925
376,4,261,It is okay,2025-08-16 15:00:00,0,0,50,80,150,opinion,0.1,1.0,0.375,1.0,0.04249999999999998
377,2,246,Average post,2025-08-16 16:00:00,0,0,120,50,180,opinion,0.24,0.625,0.45,1.0,0.14450000000000002
378,2,236,Neutral thoughts,2025-08-16 17:00:00,0,0,120,50,180,opinion,0.24,0.625,0.45,1.0,0.14450000000000002
379,5,199,Fine but not great,2025-08-16 18:00:00,0,0,220,30,300,tutorial,0.44,0.375,0.75,1.5,0.47925
380,2,279,"Not bad, not good",2025-08-16 19:00:00,0,0,120,50,180,opinion,0.24,0.625,0.45,1.0,0.14450000000000002
381,4,323,It is okay,2025-08-16 20:00:00,0,0,50,80,150,opinion,0.1,1.0,0.375,1.0,0.04249999999999998
382,1,190,Average post,2025-08-16 21:00:00,0,0,300,20,240,case-study,0.6,0.25,0.6,1.2,0.40199999999999997
383,4,212,Neutral thoughts,2025-08-16 22:00:00,0,0,50,80,150,opinion,0.1,1.0,0.375,1.0,0.04249999999999998
384,1,290,Fine but not great,2025-08-16 23:00:00,0,0,300,20,240,case-study,0.6,0.25,0.6,1.2,0.40199999999999997
385,3,182,"Not bad, not good",2025-08-17 00:00:00,0,0,500,10,400,tutorial,1.0,0.125,1.0,1.5,0.8812499999999999
386,5,378,It is okay,2025-08-17 01:00:00,0,0,220,30,300,tutorial,0.44,0.375,0.75,1.5,0.47925
387,2,162,Average post,2025-08-17 02:00:00,0,0,120,50,180,opinion,0.24,0.625,0.45,1.0,0.14450000000000002
388,2,238,Neutral thoughts,2025-08-17 03:00:00,0,0,120,50,180,opinion,0.24,0.625,0.45,1.0,0.14450000000000002
389,2,283,Fine but not great,2025-08-17 04:00:00,0,0,120,50,180,opinion,0.24,0.625,0.45,1.0,0.14450000000000002
390,4,383,"Not bad, not good",2025-08-17 05:00:00,0,0,50,80,150,opinion,0.1,1.0,0.375,1.0,0.04249999999999998
391,2,155,It is okay,2025-08-17 06:00:00,0,0,120,50,180,opinion,0.24,0.625,0.45,1.0,0.14450000000000002
392,4,130,Average post,2025-08-17 07:00:00,0,0,50,80,150,opinion,0.1,1.0,0.375,1.0,0.04249999999999998
393,3,277,Neutral thoughts,2025-08-17 08:00:00,0,0,500,10,400,tutorial,1.0,0.125,1.0,1.5,0.8812499999999999
394,2,340,Fine but not great,2025-08-17 09:00:00,0,0,120,50,180,opinion,0.24,0.625,0.45,1.0,0.14450000000000002
395,4,110,"Not bad, not good",2025-08-17 10:00:00,0,0,50,80,150,opinion,0.1,1.0,0.375,1.0,0.04249999999999998
396,2,231,It is okay,2025-08-17 11:00:00,0,0,120,50,180,opinion,0.24,0.625,0.45,1.0,0.14450000000000002
397,2,163,Average post,2025-08-17 12:00:00,0,0,120,50,180,opinion,0.24,0.625,0.45,1.0,0.14450000000000002
398,1,270,Neutral thoughts,2025-08-17 13:00:00,0,0,300,20,240,case-study,0.6,0.25,0.6,1.2,0.40199999999999997
399,2,225,Fine but not great,2025-08-17 14:00:00,0,0,120,50,180,opinion,0.24,0.625,0.45,1.0,0.14450000000000002
400,2,325,"Not bad, not good",2025-08-17 15:00:00,0,0,120,50,180,opinion,0.24,0.625,0.45,1.0,0.14450000000000002
401,2,394,It is okay,2025-08-17 16:00:00,0,0,120,50,180,opinion,0.24,0.625,0.45,1.0,0.14450000000000002
402,1,215,Average post,2025-08-17 17:00:00,0,0,300,20,240,case-study,0.6,0.25,0.6,1.2,0.40199999999999997
403,2,246,Neutral thoughts,2025-08-17 18:00:00,0,0,120,50,180,opinion,0.24,0.625,0.45,1.0,0.14450000000000002
404,4,109,Fine but not great,2025-08-17 19:00:00,0,0,50,80,150,opinion,0.1,1.0,0.375,1.0,0.04249999999999998
405,5,321,"Not bad, not good",2025-08-17 20:00:00,0,0,220,30,300,tutorial,0.44,0.375,0.75,1.5,0.47925
406,2,136,It is okay,2025-08-17 21:00:00,0,0,120,50,180,opinion,0.24,0.625,0.45,1.0,0.14450000000000002
407,3,160,Average post,2025-08-17 22:00:00,0,0,500,10,400,tutorial,1.0,0.125,1.0,1.5,0.8812499999999999
408,2,395,Neutral thoughts,2025-08-17 23:00:00,0,0,120,50,180,opinion,0.24,0.625,0.45,1.0,0.14450000000000002
409,5,296,Fine but not great,2025-08-18 00:00:00,0,0,220,30,300,tutorial,0.44,0.375,0.75,1.5,0.47925
410,3,253,"Not bad, not good",2025-08-18 01:00:00,0,0,500,10,400,tutorial,1.0,0.125,1.0,1.5,0.8812499999999999
411,4,156,It is okay,2025-08-18 02:00:00,0,0,50,80,150,opinion,0.1,1.0,0.375,1.0,0.04249999999999998
412,4,216,Average post,2025-08-18 03:00:00,0,0,50,80,150,opinion,0.1,1.0,0.375,1.0,0.04249999999999998
413,2,379,Neutral thoughts,2025-08-18 04:00:00,0,0,120,50,180,opinion,0.24,0.625,0.45,1.0,0.14450000000000002
414,2,353,Fine but not great,2025-08-18 05:00:00,0,0,120,50,180,opinion,0.24,0.625,0.45,1.0,0.14450000000000002
415,2,324,"Not bad, not good",2025-08-18 06:00:00,0,0,120,50,180,opinion,0.24,0.625,0.45,1.0,0.14450000000000002
416,3,341,It is okay,2025-08-18 07:00:00,0,0,500,10,400,tutorial,1.0,0.125,1.0,1.5,0.8812499999999999
417,5,142,Average post,2025-08-18 08:00:00,0,0,220,30,300,tutorial,0.44,0.375,0.75,1.5,0.47925
418,5,384,Neutral thoughts,2025-08-18 09:00:00,0,0,220,30,300,tutorial,0.44,0.375,0.75,1.5,0.47925
419,1,135,Fine but not great,2025-08-18 10:00:00,0,0,300,20,240,case-study,0.6,0.25,0.6,1.2,0.40199999999999997
420,3,257,"Not bad, not good",2025-08-18 11:00:00,0,0,500,10,400,tutorial,1.0,0.125,1.0,1.5,0.8812499999999999
421,1,363,It is okay,2025-08-18 12:00:00,0,0,300,20,240,case-study,0.6,0.25,0.6,1.2,0.40199999999999997
422,3,140,Average post,2025-08-18 13:00:00,0,0,500,10,400,tutorial,1.0,0.125,1.0,1.5,0.8812499999999999
423,4,258,Neutral thoughts,2025-08-18 14:00:00,0,0,50,80,150,opinion,0.1,1.0,0.375,1.0,0.04249999999999998
424,3,288,Fine but not great,2025-08-18 15:00:00,0,0,500,10,400,tutorial,1.0,0.125,1.0,1.5,0.8812499999999999
425,2,318,"Not bad, not good",2025-08-18 16:00:00,0,0,120,50,180,opinion,0.24,0.625,0.45,1.0,0.14450000000000002
426,5,380,It is okay,2025-08-18 17:00:00,0,0,220,30,300,tutorial,0.44,0.375,0.75,1.5,0.47925
427,2,359,Average post,2025-08-18 18:00:00,0,0,120,50,180,opinion,0.24,0.625,0.45,1.0,0.14450000000000002
428,4,280,Neutral thoughts,2025-08-18 19:00:00,0,0,50,80,150,opinion,0.1,1.0,0.375,1.0,0.04249999999999998
429,2,254,Fine but not great,2025-08-18 20:00:00,0,0,120,50,180,opinion,0.24,0.625,0.45,1.0,0.14450000000000002
430,5,168,"Not bad, not good",2025-08-18 21:00:00,0,0,220,30,300,tutorial,0.44,0.375,0.75,1.5,0.47925
431,4,280,It is okay,2025-08-18 22:00:00,0,0,50,80,150,opinion,0.1,1.0,0.375,1.0,0.04249999999999998
432,5,166,Average post,2025-08-18 23:00:00,0,0,220,30,300,tutorial,0.44,0.375,0.75,1.5,0.47925
433,5,305,Neutral thoughts,2025-08-19 00:00:00,0,0,220,30,300,tutorial,0.44,0.375,0.75,1.5,0.47925
434,3,161,Fine but not great,2025-08-19 01:00:00,0,0,500,10,400,tutorial,1.0,0.125,1.0,1.5,0.8812499999999999
435,2,205,"Not bad, not good",2025-08-19 02:00:00,0,0,120,50,180,opinion,0.24,0.625,0.45,1.0,0.14450000000000002
436,2,338,It is okay,2025-08-19 03:00:00,0,0,120,50,180,opinion,0.24,0.625,0.45,1.0,0.14450000000000002
437,2,193,Average post,2025-08-19 04:00:00,0,0,120,50,180,opinion,0.24,0.625,0.45,1.0,0.14450000000000002
438,4,301,Neutral thoughts,2025-08-19 05:00:00,0,0,50,80,150,opinion,0.1,1.0,0.375,1.0,0.04249999999999998
439,4,152,Fine but not great,2025-08-19 06:00:00,0,0,50,80,150,opinion,0.1,1.0,0.375,1.0,0.04249999999999998
440,2,281,"Not bad, not good",2025-08-19 07:00:00,0,0,120,50,180,opinion,0.24,0.625,0.45,1.0,0.14450000000000002
441,2,135,It is okay,2025-08-19 08:00:00,0,0,120,50,180,opinion,0.24,0.625,0.45,1.0,0.14450000000000002
442,3,386,Average post,2025-08-19 09:00:00,0,0,500,10,400,tutorial,1.0,0.125,1.0,1.5,0.8812499999999999
443,2,349,Neutral thoughts,2025-08-19 10:00:00,0,0,120,50,180,opinion,0.24,0.625,0.45,1.0,0.14450000000000002
444,4,356,Fine but not great,2025-08-19 11:00:00,0,0,50,80,150,opinion,0.1,1.0,0.375,1.0,0.04249999999999998
445,2,183,"Not bad, not good",2025-08-19 12:00:00,0,0,120,50,180,opinion,0.24,0.625,0.45,1.0,0.14450000000000002
446,1,263,It is okay,2025-08-19 13:00:00,0,0,300,20,240,case-study,0.6,0.25,0.6,1.2,0.40199999999999997
447,1,352,Average post,2025-08-19 14:00:00,0,0,300,20,240,case-study,0.6,0.25,0.6,1.2,0.40199999999999997
448,1,125,Neutral thoughts,2025-08-19 15:00:00,0,0,300,20,240,case-study,0.6,0.25,0.6,1.2,0.40199999999999997
449,1,312,Fine but not great,2025-08-19 16:00:00,0,0,300,20,240,case-study,0.6,0.25,0.6,1.2,0.40199999999999997
450,2,178,"Not bad, not good",2025-08-19 17:00:00,0,0,120,50,180,opinion,0.24,0.625,0.45,1.0,0.14450000000000002
